{"0": [0.3328635662385555, 66], "1": [0.06270912041233231, 2], "3": [0.3371426914125359, 14], "2": [0.030822599793251033, 2], "6": [0.10289114224076572, 41], "4": [0.03976630140226231, 9], "7": [0.02950598668984623, 25], "5": [0.16694515039028548, 5], "8": [0.043380258889170534, 92], "9": [0.1344524438752576, 1], "11": [0.32295910130806016, 652], "12": [0.11636950898534622, 579], "13": [0.3269384602718731, 655], "10": [0.15392915724428693, 335], "14": [0.03636502028898526, 48], "15": [0.16801974862510485, 67], "16": [0.0698341784775198, 5], "17": [0.11536620875127727, 37], "18": [0.005277518346370357, 19], "20": [0.21459345549257433, 106], "19": [0.12860374690277862, 83], "21": [0.0038434038035165337, 26], "22": [0.0758156753244152, 88], "24": [0.31432465146639577, 69], "23": [0.27756437328782346, 17], "25": [0.042962631458288866, 20], "27": [0.2084772489951799, 76], "26": [0.3110101201672597, 5], "28": [0.3677914589074627, 84], "29": [0.21698058417631572, 107], "30": [0.3064345811791924, 756], "31": [0.22641442643354087, 147], "32": [0.2504757748056848, 70], "34": [0.17135398132004173, 134], "35": [0.0941167653362987, 118], "36": [0.17543911932649686, 206], "33": [0.0032840734726073836, 12], "37": [0.07724373141814614, 55], "38": [0.1026127403935544, 257], "39": [0.029230054808391154, 51], "40": [0.01959976359493342, 8], "41": [0.04975575986348028, 5], "42": [0.003944627541726278, 9], "44": [0.08056860894929076, 215], "45": [0.10613767769210879, 634], "46": [0.26512577132383236, 73], "47": [0.187132853398233, 2], "48": [0.11622650431451291, 537], "50": [0.052792929993301145, 386], "49": [0.19535792767075452, 4], "51": [0.14842058095690355, 256], "52": [0.19176953975585218, 283], "54": [0.11097675611329581, 355], "55": [0.03226462128826755, 396], "53": [0.12322385356661283, 145], "56": [0.5098820571819134, 853], "59": [0.11921577956719082, 759], "58": [0.003686704875750822, 94], "60": [0.0938165018659817, 99], "61": [0.015311329360651972, 19], "57": [0.05250872631340639, 25], "62": [0.13287811337943992, 28], "63": [0.0373534222414444, 4], "64": [0.17894345997044647, 6]}